Orbital Period (days),50% (MJup),68% (MJup),95% (MJup),99.7% (MJup)
2.4247491638795964,0.764248402330666,1.180787840213876,3.009137709375876,4.857555375421234
7.274247491638794,0.5299154093179279,0.8003928887243477,1.8969728950809914,3.122645097512358
12.12374581939799,0.3279983387717015,0.4807387421907837,1.0142123307401598,1.7101058552625914
16.97324414715719,0.2367530555440928,0.3424583241296576,0.6757604859126395,1.1307302782192759
21.822742474916385,0.1952076820812347,0.2803402487501361,0.5436950318474065,0.8865580288024087
26.67224080267558,0.16948987940762006,0.24217908118845227,0.47263760827410783,0.7557668317261975
31.52173913043478,0.15075772656699918,0.2167480000315115,0.4273507322755149,0.6808714095735496
36.371237458193974,0.13618831040565615,0.19829813180735423,0.38977484552363195,0.638387018069144
41.220735785953174,0.1256858608912489,0.18448714653520326,0.3616528976082977,0.6160131003170985
46.070234113712374,0.11794116111250016,0.1727455481223893,0.3432647306057428,0.5973231094232534
50.91973244147157,0.11139290782053879,0.16166370274915426,0.3235729945084943,0.5718312314203347
55.76923076923077,0.10584303178532453,0.1529726699465358,0.30397917013236986,0.5227010378534461
60.618729096989966,0.10087545045933106,0.1459998423066746,0.28446749588714204,0.4655190411687137
65.46822742474916,0.09589422120014623,0.1387414731321363,0.26668099145405433,0.4280400343030529
70.31772575250835,0.09107703846665953,0.1312107456684422,0.2522924521846108,0.4069103184531249
75.16722408026756,0.08619554796789836,0.1239126278485104,0.24088542556533354,0.39958996321016893
80.01672240802675,0.08331047172100892,0.12005224250430674,0.23468514915145416,0.39515851685604547
84.86622073578594,0.08099341595732724,0.11757246244370542,0.2297748103637048,0.3755683708533752
89.71571906354515,0.07734999454672717,0.11245559821358428,0.22093919516042565,0.3534906051872376
94.56521739130434,0.07543138778653935,0.10914542501022403,0.21409734918398965,0.33593288860322223
99.41471571906354,0.075300761811739,0.10918311629948191,0.21420560321799875,0.32570974478606146
104.26421404682274,0.07463355681281576,0.10790065206664556,0.21604228500311398,0.3261275384500024
109.11371237458194,0.07058867007165891,0.101896371895457,0.20893714807998168,0.317269540776961
113.96321070234113,0.0643578315666504,0.0942560306986708,0.1967952008503032,0.30353226420600743
118.81270903010034,0.05983909694518548,0.0889372511869605,0.18379647353853737,0.2917095748993
123.66220735785953,0.05917583806103213,0.08721098470126737,0.17489628956893236,0.2793614400049208
128.51170568561872,0.061102729532744246,0.08871284872691411,0.1756306643988504,0.28779295415127704
133.36120401337791,0.06263445632480075,0.0906087019390452,0.17937649571299089,0.3426410819475345
138.2107023411371,0.061441589976482816,0.08925582932188297,0.17650996112184064,0.38703883910346293
143.06020066889633,0.05831620351749836,0.0845883354770601,0.16733852477216316,0.3558765979580323
147.90969899665552,0.055668663581204994,0.0804654760137167,0.1596812153423545,0.30790525969023064
152.7591973244147,0.053400782273813084,0.07805498285355825,0.15577242599177826,0.2693056589287447
157.6086956521739,0.05096639921445081,0.07587586678448864,0.1519844305706684,0.2401940735870829
162.4581939799331,0.049773805064011814,0.07417557254194744,0.14755804759494834,0.23448888672859833
167.3076923076923,0.04961659803117299,0.07277694892967378,0.14258201099218454,0.24069164559564202
172.15719063545149,0.04926506615458637,0.07136061977451397,0.13797776744249685,0.23164274059692838
177.0066889632107,0.048944976913994236,0.07039288501248617,0.13585990293730546,0.22033517613556725
181.8561872909699,0.048809800757235025,0.06964911601749196,0.13539773091986973,0.2218714613939693
186.7056856187291,0.04857641925680767,0.06910284351937739,0.13533257174108296,0.22243954566390173
191.55518394648828,0.048473258653201914,0.06956427089058917,0.1349978545310488,0.2156173136348275
196.40468227424748,0.048342165918198635,0.06996716213970891,0.13558308505453326,0.22390733686279832
201.25418060200667,0.04832532813843111,0.07000308373902578,0.13865832835577974,0.24065033728414642
206.1036789297659,0.04854564620770854,0.07071686716899325,0.14197644708088647,0.24541384678427158
210.95317725752508,0.0486771209059584,0.07163235265840698,0.14556391982173444,0.27349928988670025
215.80267558528428,0.04824763890798915,0.07086682415701295,0.14804917694934183,0.3117576569365901
220.65217391304347,0.04647712034574958,0.06814731534155866,0.14389952343326107,0.2956189206537301
225.50167224080266,0.044947064992335674,0.06593087053953492,0.1373134931927903,0.2528506365394366
230.35117056856186,0.044313173415186896,0.06455707715240376,0.1319824446062817,0.228703757744656
235.20066889632108,0.043062845978169284,0.06264905834572435,0.12642473158134854,0.2126218033598184
240.05016722408027,0.0419840015134164,0.06150196382628605,0.12295984765874718,0.20053846916425885
244.89966555183946,0.041104794942906725,0.06064353346566176,0.12173313993679384,0.20124582929715198
249.74916387959865,0.03963545663303841,0.058443405720242925,0.1170504479675731,0.20454592341440603
254.59866220735785,0.03843111933456039,0.05611958663042164,0.11127555495510252,0.1920158028684813
259.44816053511704,0.038177283288884076,0.05533931113293216,0.10776796304329536,0.17356472810415344
264.29765886287623,0.037519117962692555,0.054621291264818836,0.10561882160609246,0.16593900841659087
269.1471571906354,0.036033507904743675,0.05318745510743346,0.10556182604165579,0.16818926224828723
273.9966555183946,0.03496481331475522,0.051722397642297066,0.10482882010737238,0.1703067691701884
278.8461538461538,0.03420528264121055,0.050392438976939624,0.10202512598002542,0.16799326572115597
283.69565217391306,0.03371351203622852,0.04981841964470989,0.0997292965637113,0.16801541205207232
288.54515050167225,0.03442205993298755,0.0506484549536817,0.09993958667469027,0.17544513810756734
293.39464882943145,0.03619990796086534,0.052567834504424274,0.10202885401881566,0.1834058423589435
298.24414715719064,0.03719186808617979,0.05330555884842159,0.10267529267548514,0.17809815230024068
303.09364548494983,0.037361361943787696,0.05313615326624503,0.1024895143374182,0.17042589024884225
307.943143812709,0.037081298233510626,0.05300071571201743,0.10311215864700168,0.17057276172165456
312.7926421404682,0.03555260380416429,0.05169017106167606,0.1024128445989089,0.16897073642158084
317.6421404682274,0.03406144386198563,0.05028224332619312,0.10081913086963884,0.1606927213133209
322.4916387959866,0.03423353104680669,0.05062724013942404,0.10100032515751323,0.15602510697367863
327.3411371237458,0.03524741355699246,0.0523942011214853,0.10313679469846476,0.1602602407147507
332.190635451505,0.03585655013612747,0.05420531505460588,0.10522301435408316,0.16628925092822644
337.0401337792642,0.036352086694893315,0.05441611982248484,0.10506985673443944,0.16407230022117486
341.8896321070234,0.03719646772607397,0.05450159144606377,0.1054430786033138,0.16115655672250717
346.7391304347826,0.03817605805421981,0.055646946060115846,0.10880063617037672,0.16339037220105296
351.5886287625418,0.03921928487089418,0.056970938645102415,0.11149452050755976,0.16567525086487989
356.438127090301,0.04036092054451462,0.05847855013005088,0.11154386606068342,0.16882838461226712
361.2876254180602,0.04077234752181533,0.05937039777536171,0.11106457757378244,0.17808133486274313
366.1371237458194,0.04028725492344589,0.05881210082911143,0.11094496416277157,0.19579301770094704
370.9866220735786,0.0395396607320295,0.057296766892519016,0.11140770166039027,0.20581213847416716
375.8361204013378,0.03868175568760486,0.055726642442879656,0.10971767303110574,0.19089294212409608
380.685618729097,0.03756111700603225,0.054262831950303334,0.1050198647227257,0.17253278972267733
385.53511705685617,0.03685738636840753,0.05342357076904997,0.10196715427615763,0.16358191427231428
390.38461538461536,0.03699757540291652,0.0539953260280842,0.10295785220083094,0.1570418410302567
395.23411371237455,0.03677714749848124,0.05448021705509391,0.10346783081477447,0.154172283979431
400.08361204013374,0.03641220318590572,0.054319803345692336,0.10167685002664495,0.1578197034486797
404.93311036789294,0.03724885037868805,0.055368121848292096,0.10213942409150414,0.1610183299718015
409.7826086956522,0.038295831706976584,0.056386826284727846,0.10388106800751629,0.16135872290564468
414.6321070234114,0.039146860353140855,0.05670241151458322,0.10544059120049559,0.165282535843247
419.4816053511706,0.04048128041548621,0.05771091800028948,0.10764145278725501,0.1705254684299412
424.33110367892976,0.0409552879553481,0.05765365946068911,0.10750455514089668,0.171114736829856
429.18060200668896,0.040786477206239104,0.057109177102105446,0.10617142492017745,0.17039347459119802
434.03010033444815,0.04058692959260626,0.05681508828401144,0.10607941244552935,0.17112261704219695
438.87959866220734,0.040140100371058016,0.05607008795826332,0.10528599053847093,0.16752064612235265
443.72909698996654,0.03983060565595016,0.055610778935078854,0.10361804687574647,0.16230391641919878
448.5785953177257,0.03936389515958599,0.05555495844395035,0.10140914433062276,0.15731065705966868
453.4280936454849,0.03833271218467331,0.05476654223255034,0.09932718998389242,0.1528588622121832
458.2775919732441,0.03681191778746947,0.05285002374468927,0.09719314151495875,0.1481088337845201
463.1270903010033,0.035916333981921345,0.05141103569832725,0.09529445868210526,0.14359525850283927
467.97658862876256,0.03579810713828981,0.05162569161587038,0.09529968366833766,0.14209792635585916
472.82608695652175,0.03542242387584767,0.05161309726377289,0.09681945354796896,0.1450267565427829
477.67558528428094,0.03473436206736798,0.05024716722112334,0.09656879352743578,0.14771808004855458
482.52508361204013,0.03442028149785197,0.04903715021524248,0.09387847437727131,0.15009121007614107
487.3745819397993,0.03437015397371464,0.04890734633270477,0.09214736494888212,0.16082075419276443
492.2240802675585,0.03441465963005758,0.049199601931410944,0.09173568830588465,0.16911256538329428
497.0735785953177,0.034617315470065954,0.04911512595771564,0.09012392932969147,0.16200917668881615
501.9230769230769,0.035189035675321945,0.049297742077645014,0.08871467729624725,0.15110722877666116
506.7725752508361,0.03570066936373638,0.049552594076821124,0.08846497492008079,0.14621650036383302
511.6220735785953,0.03585029943925569,0.04918979727058128,0.08852960406776494,0.14382898604089078
516.4715719063545,0.035827982180551526,0.04895301490610056,0.08948915280715897,0.14161240763507038
521.3210702341137,0.03583118006538086,0.049280961781612134,0.09070216847822432,0.14034523112183478
526.1705685618729,0.0356569217989228,0.04934663242090077,0.0908967983818953,0.14178604054884178
531.0200668896321,0.03508143709623607,0.04891516496269204,0.09044583876259005,0.14707847832036566
535.8695652173913,0.03443582480199879,0.048395543956597856,0.08965012402836658,0.15804123268220563
540.7190635451504,0.0340336877698578,0.04792492751077146,0.08835227045401439,0.15779742975294764
545.5685618729096,0.03420406981443939,0.04793067388690178,0.08687402002334044,0.14162612012891054
550.4180602006688,0.034509051857367926,0.04791771460028574,0.08501766089960629,0.13223538011500766
555.267558528428,0.034082747409203085,0.04709149089924326,0.08289520999602765,0.12903251023016182
560.1170568561872,0.03326957510668736,0.04611390582651059,0.08156469453313163,0.12460784525505503
564.9665551839465,0.03270180796372722,0.045657461975043445,0.08064689013909535,0.12301299342994432
569.8160535117057,0.03265240287892278,0.045636985539422976,0.08005790071685466,0.12766716484438062
574.6655518394649,0.03252320421166209,0.04517376905727118,0.08009833512560056,0.1331415546712065
579.5150501672241,0.03197427563563322,0.0442847180712404,0.07983405412784783,0.1286175908011734
584.3645484949833,0.031154082612691425,0.04341056801674161,0.07857513305467903,0.11901037924391172
589.2140468227425,0.03088440394749482,0.04343482861367626,0.077540462343285,0.11560901717387254
594.0635451505017,0.030922484698682803,0.04389681605269219,0.0776082154948424,0.11618443991624575
598.9130434782609,0.030215758013482665,0.04311021011530902,0.0776313057374114,0.11613907642967042
603.7625418060201,0.029516301509828168,0.0418087420462503,0.07679999690159471,0.1148587052427551
608.6120401337793,0.02924379816094451,0.04085288548814166,0.07575423014769393,0.11254352324458258
613.4615384615385,0.02892135905944804,0.040234273829744004,0.07539099642592832,0.11135430884174227
618.3110367892976,0.028566077771304092,0.040228385528469135,0.07616710286364144,0.11116985465739374
623.1605351170568,0.02838667642357607,0.04054496690716956,0.07582365330558913,0.10858424882191915
628.010033444816,0.02795888419774932,0.0401728576842449,0.07409959278858971,0.10636208118593998
632.8595317725752,0.0271984310300402,0.0393034637618557,0.0733179257076087,0.10988476709314629
637.7090301003344,0.026688944664085487,0.03883199417356492,0.07420230913224315,0.11603363890876509
642.5585284280936,0.026528812574578786,0.03884572152781258,0.07527475904131604,0.11490363922804367
647.4080267558528,0.02636158819880301,0.03885743700064122,0.07521942526388871,0.10972752789189633
652.257525083612,0.025995122426588448,0.03847263447156224,0.07481595130573043,0.10616510687672331
657.1070234113712,0.025931527662387276,0.03816396204771642,0.07404557471165152,0.1058461924167548
661.9565217391304,0.026288039011204987,0.03824740276319409,0.0726089134375675,0.10561180100304654
666.8060200668896,0.026523147924272714,0.038721788580956276,0.07276797607351917,0.1060193145478517
671.6555183946488,0.02639371544966114,0.03909862972120048,0.07424423486745582,0.10841666330454978
676.505016722408,0.026265243231321678,0.038981957736549465,0.07492628026868087,0.11573883281937355
681.3545150501672,0.025846326494154588,0.03819247420225605,0.07486752582115863,0.12175009121172882
686.2040133779265,0.025486901032773953,0.037501530339848765,0.07494873111175039,0.12080347156868113
691.0535117056857,0.025597263016638852,0.03708939852186967,0.0757147191788868,0.12161451297233547
695.9030100334448,0.025956308242136752,0.03700661259033491,0.07659711536715663,0.12351099636224278
700.752508361204,0.02628599796312715,0.0370201943270326,0.0769442716052253,0.12113966606938384
705.6020066889632,0.02605515590057425,0.036624200540921914,0.07590442488718438,0.11486012927042151
710.4515050167224,0.025423051969879068,0.036364273994202306,0.07395981224827594,0.11176246353582453
715.3010033444816,0.025089985070790806,0.03668694185536992,0.07289531971658206,0.11308026833262443
720.1505016722408,0.025278400537200988,0.03709092074439582,0.07212491989313813,0.1128402520178581
725.0,0.025247830931497982,0.036974955867654646,0.07153933169743693,0.11249255169743072
729.8494983277592,0.024586280168384517,0.035648577288309426,0.07034504082054815,0.112523346446053
734.6989966555184,0.02390655381213614,0.03447684162512794,0.06952831659790362,0.11131521173437675
739.5484949832776,0.02367808452123938,0.03456355999610193,0.07065977697262432,0.11090815214704756
744.3979933110368,0.02358236603334439,0.03480350940065048,0.07247709612244232,0.11235557550617267
749.247491638796,0.023269577234637857,0.034257581882846444,0.07453905713966627,0.11671378296668669
754.0969899665552,0.022629014593143072,0.033136124862678085,0.07514761018222582,0.11971551919670635
758.9464882943143,0.021993402657190426,0.03221492085095118,0.07248030587602255,0.11380758610435382
763.7959866220735,0.021863497337510703,0.03201668944795088,0.06961283623054149,0.10827666159253305
768.6454849498327,0.02206887051922008,0.03227024506584849,0.06851517356561848,0.1071425045399523
773.4949832775919,0.022123644550960192,0.03235869478212303,0.06855225723074237,0.10845462675740017
778.3444816053511,0.02225498483560047,0.03228085306753722,0.06799250532790349,0.11051979685641986
783.1939799331103,0.02230379723659604,0.0317628492886564,0.06589084497921768,0.10910886940794531
788.0434782608695,0.021669281047502258,0.0310116427959036,0.06466393865301559,0.10396655488108544
792.8929765886287,0.021013168153036332,0.03054487871948827,0.06498915467529537,0.10279706150527279
797.7424749163879,0.020708125942652512,0.030001344234448734,0.06453385437129289,0.10388104331689363
802.5919732441471,0.020583051310157564,0.029340518298189837,0.06301837158901433,0.10282014430683059
807.4414715719063,0.020457089530179134,0.029127146334460254,0.061733344857827874,0.10363485468500139
812.2909698996656,0.020338212384138063,0.029510945882432096,0.06174208688884589,0.10569824307038356
817.1404682274248,0.020357052534285647,0.03012371048640966,0.06238037938529914,0.10310309547263027
821.989966555184,0.020218653662395614,0.030593270853586922,0.06288068629042584,0.09998435157739435
826.8394648829432,0.019791413894949095,0.03036542740754287,0.06366129439633708,0.10211109122740893
831.6889632107024,0.019328360667910868,0.02931893839992554,0.06334284405573584,0.1057064999284226
836.5384615384615,0.018756709715791846,0.028265085779442686,0.06170345233743055,0.1046188845725048
841.3879598662207,0.018702087891028604,0.02834231816334911,0.06088034148878503,0.10634123595532508
846.2374581939799,0.019231636281737248,0.028954511820514298,0.06195848162426133,0.11183026323990786
851.0869565217391,0.019272133381699613,0.028711090850900338,0.06226812783849044,0.109333659214951
855.9364548494983,0.01910075809749594,0.0282461282916052,0.061378106302034746,0.1021300540717689
860.7859531772575,0.01931886417410654,0.02837403057536711,0.06149932538842524,0.09906772328903449
865.6354515050167,0.019054408229093503,0.02825692197435698,0.06128194625057619,0.09647683531066484
870.4849498327759,0.01818184602572063,0.027396613122172918,0.060136469748377254,0.09545854006597326
875.3344481605351,0.017881112107126253,0.026815659569664384,0.059199258858480035,0.09649539229917962
880.1839464882943,0.018280783759022826,0.027157944091597948,0.06000988300012274,0.0957114884087174
885.0334448160535,0.018786949159135584,0.027956673577567745,0.06091535849262779,0.0943107190393064
889.8829431438127,0.01916636046232586,0.028801240843354003,0.06055817850012065,0.09407902446759547
894.7324414715719,0.01912156290982328,0.02914165830412638,0.05967042976187294,0.09284972840760253
899.581939799331,0.018532757930272994,0.028174235792090475,0.05833968262401333,0.09213296738974244
904.4314381270902,0.017993854994029133,0.02668810604849296,0.05688719926047401,0.09231718447922799
909.2809364548494,0.01789388668721458,0.02619815583185691,0.05687560860567427,0.09274508891191678
914.1304347826086,0.018045876720989472,0.026621038859581395,0.05831083914531564,0.09570664914857721
918.9799331103678,0.01824489605861167,0.027320996267278033,0.058873079188571154,0.09698106072904682
923.829431438127,0.018188325066015372,0.02784731531728018,0.05831089147531366,0.09591759811006116
928.6789297658862,0.017896959458837285,0.027846106987427895,0.0585973219022895,0.10030523298451244
933.5284280936455,0.017981018901485648,0.028149128347697935,0.059792129315732766,0.11492866570383956
938.3779264214047,0.018355627572012274,0.028419886439398703,0.05979901451447428,0.1271904785538422
943.2274247491639,0.018626386498627898,0.028176591750936217,0.05806990373582436,0.1135303665464781
948.0769230769231,0.01858865208005018,0.02762904547212077,0.056770074607466754,0.09854261813079504
952.9264214046823,0.01831129513289665,0.027118443886615627,0.05680254731529362,0.09804387363285139
957.7759197324415,0.018447330353509542,0.027388669952669933,0.05824553810869833,0.0979934201304106
962.6254180602007,0.01905270133658371,0.028045699326575156,0.05962597896844921,0.09708104067112197
967.4749163879599,0.0192954160213878,0.028119544414174566,0.060057604941985185,0.09513632510082964
972.3244147157191,0.018920034655787,0.02770580693960733,0.05967390546827679,0.09168181077194171
977.1739130434783,0.01856288589095352,0.027621789635683854,0.059748569796191545,0.09234978636310887
982.0234113712374,0.01837850587263623,0.02773812607947117,0.061247392185844525,0.09457334262574117
986.8729096989966,0.01830354982905198,0.02789546519767836,0.06270910524916178,0.09498389083140646
991.7224080267558,0.018576495682821076,0.028285768777547408,0.06227517947570205,0.09371577971177686
996.571906354515,0.018791032878407984,0.02858893672338992,0.060414911469301544,0.09277066215422233
1001.4214046822742,0.01879851986627657,0.02861646048890725,0.059429528185691693,0.09219794932244726
1006.2709030100334,0.018551525892841862,0.02834900314603335,0.05948942401550244,0.09129093331237842
1011.1204013377926,0.01839163275268562,0.028211145039610353,0.059879798392118794,0.09335595065741706
1015.9698996655518,0.018369573409931384,0.028171711592337854,0.05922059296835565,0.0948628298390739
1020.819397993311,0.018466516409625502,0.027774387061775038,0.05776088985343382,0.09438523105217922
1025.6688963210702,0.018858168203300968,0.027927553658625953,0.05774642903429651,0.09544882566343255
1030.5183946488294,0.019517509074097182,0.02886846763312168,0.05994304266588867,0.09872753315380345
1035.3678929765886,0.019607041368454117,0.029394658339648917,0.06173248870258122,0.0977668585405821
1040.2173913043478,0.01899926592001045,0.029109806629543676,0.06175323895089602,0.09274334135692475
1045.066889632107,0.01859532774060751,0.028728680854360464,0.06087253663694088,0.09003955814333853
1049.9163879598661,0.018370631516904733,0.02815598974116574,0.06015286614018382,0.09215879021968587
1054.7658862876253,0.01855576219391318,0.027888853899047127,0.06009742847936466,0.0939674293872558
1059.6153846153845,0.01881373817718769,0.027953991722910736,0.06039211306374549,0.09380139890786797
1064.4648829431437,0.018812227009039686,0.02806517536155259,0.05987614299166616,0.09223118983083639
1069.314381270903,0.01906705936271369,0.028572842058843303,0.05966556023983238,0.09106061340422006
1074.163879598662,0.01912065849936658,0.028690466754453893,0.059746186173870654,0.09087598040030917
1079.0133779264213,0.01880750483087956,0.02832553829862637,0.05955030792441799,0.09097263879305778
1083.8628762541805,0.018485254595096243,0.02814941503543249,0.05894610288924196,0.0906637553713302
1088.7123745819397,0.018276655199358546,0.02829022020979661,0.058463917627853426,0.09180054477519381
1093.5618729096989,0.01843672525872224,0.028684775637349773,0.05977357148929043,0.09336015450785672
1098.411371237458,0.01896511307410971,0.028815264018763755,0.06113463585648538,0.09266113839880832
1103.2608695652173,0.019193865243391867,0.028702108103937165,0.06154484976708881,0.09055888547423147
1108.1103678929765,0.018991761051605712,0.02887276563271329,0.06211178056754148,0.08929117919499946
1112.9598662207356,0.01879169710996182,0.029141703433012284,0.06284257089377099,0.08962849091459929
1117.8093645484948,0.018719952487437234,0.029145396536595293,0.06227586922471783,0.08987511724755082
1122.6588628762543,0.019021426173304053,0.029361448171742674,0.06129624723822878,0.09088922347705461
1127.5083612040135,0.01930593684199409,0.029240057464554284,0.060854341564657785,0.09836920869655741
1132.3578595317726,0.019017961307966805,0.028651577676809988,0.06033445591312184,0.10488674393140682
1137.2073578595318,0.018968229931637104,0.028474084024292447,0.05959817902116092,0.10185178451222049
1142.056856187291,0.019212920621782384,0.02893910654842598,0.05871346998018824,0.09783250401670467
1146.9063545150502,0.019359769745249535,0.029633444008620124,0.058688929346087375,0.09640077567532235
1151.7558528428094,0.01939435316639588,0.02975857822258605,0.05999813349874362,0.09392485970538153
1156.6053511705686,0.018842661866247952,0.028766842039596282,0.06178979221179904,0.09096588474115863
1161.4548494983278,0.018327048375978032,0.027860806483505994,0.06253949174583003,0.08924680268226251
1166.304347826087,0.01854727576632457,0.027896303037256716,0.06187812694764837,0.09009679401988416
1171.1538461538462,0.019069115583134684,0.02832604193187719,0.06103574652031028,0.0937006090752566
1176.0033444816054,0.019099487784962885,0.02828707032451222,0.0598235778265126,0.09515231678841679
1180.8528428093646,0.019075434206159748,0.028486806969071153,0.059756960891451966,0.09332888563184005
1185.7023411371238,0.01914591923777714,0.028610786408747535,0.06097841485292592,0.09560934049577656
1190.551839464883,0.01913982074315889,0.028359166545393177,0.06145234820637632,0.10035347626308562
1195.4013377926422,0.01920286881369726,0.028334030613792985,0.06062839896295002,0.09702248076773484
1200.2508361204013,0.01922297791134072,0.02864277771232457,0.05955946743907974,0.09106705115104767
1205.1003344481605,0.019240758118907915,0.028898957050377542,0.05871921736257605,0.09136363504133299
1209.9498327759197,0.019036792525963513,0.02867806321377707,0.058362034387391834,0.09662609732437052
1214.799331103679,0.01878943678583027,0.02862636904884598,0.05855041174766167,0.09934429471294431
1219.6488294314381,0.018933734822135798,0.028804204716933873,0.05861455306796881,0.09666876797655337
1224.4983277591973,0.018925192740837652,0.02842458453605274,0.05821150157442946,0.09329066084166739
1229.3478260869565,0.01892392493700771,0.0282979725009575,0.05884955427926218,0.09290183188044038
1234.1973244147157,0.01900859638735466,0.02833803921017828,0.059995117425024745,0.09365462672945099
1239.046822742475,0.019029063231553525,0.028313253153072437,0.05990548871685398,0.09317320907877258
1243.896321070234,0.018902365221690705,0.028472942821326088,0.05816368820458301,0.09250212313451456
1248.7458193979933,0.018510981602527496,0.028448859956447584,0.057407761460630084,0.0996110714634913
1253.5953177257525,0.018414290336008755,0.028452837518976745,0.05842493317998915,0.10768787753804503
1258.4448160535117,0.01863360136264439,0.02860373519817941,0.05927710322911715,0.10484269118492393
1263.2943143812709,0.018575735220982034,0.02848140220466712,0.058712398755997444,0.09689688338405014
1268.14381270903,0.01867003929852422,0.02825214311664863,0.05818902447630542,0.09195539119812586
1272.9933110367892,0.019193017467809284,0.02839539600432306,0.0582401616805844,0.09191704499886441
1277.8428093645484,0.019278703667156727,0.02826192467803639,0.058698765907187686,0.09416250972435836
1282.6923076923076,0.01870651261339723,0.02760778739940372,0.05885685664795484,0.09243168114395613
1287.5418060200668,0.018167711200552696,0.027053589727479132,0.0582047246148827,0.0873494772841662
1292.391304347826,0.01820694822791256,0.027289794476585055,0.0581826024541932,0.08601325880950186
1297.2408026755852,0.018636152864338874,0.027948652575027322,0.058524535110683326,0.08650549230686161
1302.0903010033444,0.018672141928106057,0.028027051615473628,0.05846807780120483,0.08716125985568973
1306.9397993311036,0.018323760658949317,0.027773639188736477,0.05807325417358587,0.08727968869090147
1311.7892976588628,0.018292310948786455,0.027764397434604966,0.05800775984598226,0.08765978560455717
1316.638795986622,0.01837653712349441,0.027757557802851725,0.05760672413203505,0.0891704726732073
1321.4882943143812,0.018396294986791316,0.02768751089005091,0.05705614603015985,0.09037770966872366
1326.3377926421404,0.01859370893292793,0.02760402698956794,0.057479803929853926,0.08987138927411834
1331.1872909698995,0.01866594960691805,0.027293571434690647,0.057096467192997644,0.08834226249299512
1336.0367892976587,0.018398981874178967,0.027119625440287752,0.056268262244796835,0.08836231550057896
1340.886287625418,0.017942619315525182,0.027030368280817455,0.05613911308682868,0.08672845266027293
1345.7357859531771,0.01801368296893971,0.027198788057509866,0.05646232536297832,0.0843107578040041
1350.5852842809363,0.01845881282098369,0.027632043040516564,0.05730739431417993,0.08404107559142421
1355.4347826086955,0.018614403497688406,0.02772591453178949,0.05698771804166235,0.08289902994038875
1360.2842809364547,0.01847325865737439,0.0275530543789725,0.055804553022226436,0.08163922232675941
1365.133779264214,0.01831373653964726,0.027585678088548032,0.0556542495484563,0.08168447035031068
1369.9832775919733,0.01842205712662101,0.027711171603817225,0.05592018578092211,0.08161705105767159
1374.8327759197325,0.01859806445227718,0.027466553173198398,0.05580534380737916,0.08219569754198959
1379.6822742474917,0.018440521722030027,0.026732681994216717,0.055697508794829556,0.08301352879207977
1384.531772575251,0.01784881929744317,0.026455158027855877,0.05531362581090002,0.08431798865297536
1389.38127090301,0.017158188879720312,0.02653983866186351,0.054447631804390176,0.08573951336343763
1394.2307692307693,0.017172883811197616,0.026878743960426454,0.05420609608323775,0.08364224960745752
1399.0802675585285,0.017682449031243185,0.027086693956177237,0.05474984636665345,0.08083343772940058
1403.9297658862877,0.01770271289113873,0.026452226079694628,0.05517774623469553,0.08174956045706755
1408.7792642140469,0.01746624297738584,0.0257023150058034,0.05470364578526915,0.08174690988688327
1413.628762541806,0.017508870421096015,0.025806999868363777,0.05324279491545861,0.07926022128155677
1418.4782608695652,0.017670792630872983,0.02623873863267578,0.052038914701443506,0.07896402872972225
1423.3277591973244,0.017733377193075835,0.02663271280930453,0.052645689096498145,0.08205615134575792
1428.1772575250836,0.017818322266213646,0.02701720937696635,0.05344609370085303,0.08540830076284373
1433.0267558528428,0.01814471702950246,0.027614578948313005,0.05410376368695057,0.08681665233940686
1437.876254180602,0.01819408040927402,0.02760625473946644,0.05412305726588881,0.08779611924772107
1442.7257525083612,0.01757023343943201,0.026691013935353308,0.05290015663258937,0.0854987549590149
1447.5752508361204,0.016980149475346356,0.025967071719494084,0.052716836169561174,0.08267470995527022
